
1.List product name, price except pen on price order.
------------------------------------------------------


mysql> SELECT PNAME,PRICE FROM PRODUCT WHERE PNAME!='LEXI PEN' ORDER BY PRICE ASC;
+---------------------+-------+
| PNAME               | PRICE |
+---------------------+-------+
| PEPSI 250           |    29 |
| CUCUMBER 1KG        |    29 |
| NIRAPARA MATTA RICE |    40 |
| COLGATE T.P         |    49 |
| LAYS F.P            |    49 |
| LAYS F.P            |    49 |
| BISCUIT 250         |    49 |
| CARROT 1KG          |    49 |
| PEPSI 1L            |    88 |
| PROCESSED FOOD S.P  |   137 |
| PROCESSED FOOD F.P  |   206 |
| TOY 5Y              |   254 |
| DINNRSET 10PC       |  1469 |
+---------------------+-------+
13 rows in set (0.00 sec)




2.Find minimum, maximum and average price of products.
------------------------------------------------------

mysql> SELECT MIN(PRICE),MAX(PRICE),AVG(PRICE) FROM PRODUCT;
+------------+------------+------------+
| MIN(PRICE) | MAX(PRICE) | AVG(PRICE) |
+------------+------------+------------+
|          6 |       1469 |   178.7857 |
+------------+------------+------------+
1 row in set (0.00 sec)



3.Find number of customers in each city.
-----------------------------------------


mysql> SELECT COUNT(*),CITY FROM CUSTOMER GROUP BY CITY;
+----------+------------+
| COUNT(*) | CITY       |
+----------+------------+
|        1 | Calicut    |
|        3 | Kochi      |
|        2 | Kozhikode  |
|        1 | Palakkad   |
|        1 | Trivandrum |
+----------+------------+
5 rows in set (0.00 sec)



4.Find number of customers in each city, only include city with more than 2 customers.
----------------------------------------------------------------------



mysql> SELECT COUNT(*),CITY FROM CUSTOMER GROUP BY CITY HAVING COUNT(*)>2;
+----------+-------+
| COUNT(*) | CITY  |
+----------+-------+
|        3 | Kochi |
+----------+-------+
1 row in set (0.00 sec)



5.Show data as displayed ‘who, where’ Eg: ‘customer1 lives in Kochi’.
-------------------------------------------------------------------

mysql> SELECT CONCAT(NAME, " LIVES IN ", CITY) AS CUST_INFO FROM CUSTOMER;
+----------------------------+
| CUST_INFO                  |
+----------------------------+
| Aswin LIVES IN Kozhikode   |
| Maanas LIVES IN Calicut    |
| Vishnu LIVES IN Kozhikode  |
| Vaishnav LIVES IN Palakkad |
| John LIVES IN Kochi        |
| Vivek LIVES IN Kochi       |
| Vivek LIVES IN Trivandrum  |
| Arun LIVES IN Kochi        |
+----------------------------+
8 rows in set (0.00 sec)


