

1.Create a procedure to display all tables in the invoice database.
--------------------------------------------------------------------

mysql> DELIMITER //
mysql> CREATE PROCEDURE ALLINVOICE5() BEGIN SELECT * FROM CUSTOMER;SELECT * FROM INVOICE_ITEM;SELECT * FROM INVOICE_MASTER;SELECT * FROM PRODUCT; END //
Query OK, 0 rows affected (0.06 sec)



mysql> CALL ALLINVOICE5();//
+-----+----------+----------------+------------+------------+
| Id  | NAME     | ADDRESS        | CITY       | PH_NO      |
+-----+----------+----------------+------------+------------+
| 100 | Aswin    | Korangad       | Kozhikode  | 9044561120 |
| 101 | Maanas   | Thamarassery   | Calicut    | 9020112197 |
| 102 | Vishnu   | Kuthiravattam  | Kozhikode  | 9532147890 |
| 106 | Vaishnav | Perinthalmanna | Palakkad   | 8713090012 |
| 107 | John     | Kochi          | Kochi      |       NULL |
| 108 | Vivek    | Palarivattam   | Kochi      |       NULL |
| 109 | Vivek    | Thammanam      | Trivandrum |       NULL |
| 110 | Arun     | Kochi          | Kochi      |       NULL |
+-----+----------+----------------+------------+------------+
8 rows in set (0.00 sec)

+---------+------+----------+
| INV_ID  | PID  | QUANTITY |
+---------+------+----------+
|   16031 |  223 |        2 |
|   16031 |  226 |        2 |
|   16031 |  227 |        2 |
|  202235 |  330 |        3 |
| 2022319 |  402 |        2 |
| 2201235 |  404 |        3 |
| 2201235 |  331 |        3 |
| 2201235 |  330 |        3 |
| 2201236 |  225 |        2 |
| 2201239 |  223 |        2 |
| 2201239 |  400 |        2 |
+---------+------+----------+
11 rows in set (0.00 sec)

+---------+---------+------------+
| INV_ID  | CUST_ID | INV_DATE   |
+---------+---------+------------+
|   16031 |     100 | 2023-03-16 |
|  202235 |     106 | 2023-02-02 |
| 2022319 |     101 | 2023-02-02 |
| 2201235 |     101 | 2023-01-22 |
| 2201236 |     100 | 2023-01-22 |
| 2201239 |     101 | 2023-01-22 |
+---------+---------+------------+
6 rows in set (0.00 sec)

+-----+---------------------+-------+
| PID | PNAME               | PRICE |
+-----+---------------------+-------+
| 220 | LEXI PEN            |    11 |
| 221 | NIRAPARA MATTA RICE |    45 |
| 223 | COLGATE T.P         |    54 |
| 224 | PEPSI 250           |    34 |
| 225 | PEPSI 1L            |    93 |
| 226 | LAYS F.P            |    54 |
| 227 | LAYS F.P            |    54 |
| 228 | BISCUIT 250         |    54 |
| 330 | CARROT 1KG          |    54 |
| 331 | CUCUMBER 1KG        |    34 |
| 400 | TOY 5Y              |   259 |
| 401 | DINNRSET 10PC       |  1474 |
| 402 | PROCESSED FOOD F.P  |   211 |
| 404 | PROCESSED FOOD S.P  |   142 |
+-----+---------------------+-------+
14 rows in set (0.00 sec)

Query OK, 0 rows affected (0.00 sec)




2.Create a procedure to find greatest of 3 numbers.
---------------------------------------------------



mysql> create procedure greatest(a int, b int , c int)
    -> Begin
    -> If (a>b) AND (a>c) then
    -> Select a as 'greater';
    -> Elseif (b>c)  AND (b>a) then
    -> Select b as 'greater';
    -> Else
    -> Select c as 'greater';
    -> End if;
    -> END //
Query OK, 0 rows affected (0.00 sec)

mysql> CALL greatest(10,7,100);//
+---------+
| greater |
+---------+
|     100 |
+---------+
1 row in set (0.00 sec)

Query OK, 0 rows affected (0.00 sec)






3.Create a procedure to display invoice details of a particular customer.
--------------------------------------------------------------------------


mysql> CREATE PROCEDURE CUST2(N varchar(30)) BEGIN SELECT * FROM INVOICE_MASTER WHERE CUST_ID IN(SELECT Id FROM CUSTOMER WHERE NAME=N); END //
Query OK, 0 rows affected (0.00 sec)

mysql> CALL CUST2('Aswin'); //
+---------+---------+------------+
| INV_ID  | CUST_ID | INV_DATE   |
+---------+---------+------------+
|   16031 |     100 | 2023-03-16 |
| 2201236 |     100 | 2023-01-22 |
+---------+---------+------------+
2 rows in set (0.00 sec)

Query OK, 0 rows affected (0.00 sec)

mysql> 

